subject,path,app_type,repetition,energy_consumption,network_traffic,mean_cpu_load,mean_mem_usage,mean_frame_time
coupang,coupang.com,web,1,609.20064,23778469,38.808510638297875,1647420.1489361702,2.4083315633778836e+16
coupang,coupang.com,web,2,571.32288,5054400,38.44901960784314,1910464.843137255,-31847846796.78466
coupang,coupang.com,web,3,617.0918399999999,24405710,38.37864077669903,1910041.009708738,-299135699.7492625
coupang,coupang.com,web,4,621.8265600000001,4119243,38.58252427184466,1867812.7669902912,-72998541.30650155
coupang,coupang.com,web,5,609.20064,2044381,32.46153846153846,1897624.9038461538,-22759422592.53662
coupang,coupang.com,web,6,629.71776,3196356,38.362500000000004,1649094.6979166667,-117361900431.43056
coupang,coupang.com,web,7,626.5612800000001,2202574,38.45263157894737,1636592.7157894736,-252844409.11275965
coupang,coupang.com,web,8,647.0784,16838391,32.300970873786405,1822723.0,-30175740814.331837
coupang,coupang.com,web,9,626.5612800000001,2095407,38.44859813084112,1572880.4205607476,-346069250.34070796
coupang,coupang.com,web,10,569.74464,3489507,34.45544554455446,1724723.0396039605,-111070138718.25854
coupang,coupang.com,web,11,789.12,215728525,39.49523809523809,1604535.1333333333,-139393495.81311476
coupang,coupang.com,web,12,628.13952,132355311,38.57843137254902,1897467.6274509805,-1.0195667371662934e+16
coupang,coupang.com,web,13,555.54048,19004818,38.772277227722775,1856134.8712871287,-524207637.67601246
coupang,coupang.com,web,14,631.2959999999999,4383209,38.26470588235294,1766382.2450980393,-55969198179.710945
coupang,coupang.com,web,15,626.5612800000001,2014990,38.332038834951454,1962089.2524271845,-30372827619.967693
coupang,coupang.com,web,16,631.2959999999999,1963405,31.901960784313726,1834414.5098039217,-21493829113.814598
coupang,coupang.com,web,17,626.5612800000001,25357618,32.971698113207545,1731952.4716981133,106653150381650.89
coupang,coupang.com,web,18,628.13952,4842716,38.76699029126213,1996210.854368932,-52147800905.54357
coupang,coupang.com,web,19,869.61024,3939269,38.705882352941174,1792660.294117647,-300661164.6443149
coupang,coupang.com,web,20,677.06496,14990145,38.43269230769231,1661295.923076923,-371548098.5960912
coupang,coupang.com,web,21,546.07104,2043090,38.735849056603776,1673026.0943396227,232130655318611.56
coupang,coupang.com,web,22,626.5612800000001,2215343,38.85436893203884,1909618.932038835,-229065972.30298507
coupang,coupang.com,web,23,550.8057600000001,1957472,53.78787878787879,1650907.7777777778,-405539633.99265784
coupang,coupang.com,web,24,629.71776,1965259,47.135416666666664,2198063.3229166665,5.114667734520291e+16
coupang,coupang.com,web,25,623.4047999999999,14031047,33.144329896907216,1925675.175257732,-290651055.271261
linkedin,linkedin.com,web,1,558.6969600000001,21908218,37.51063829787234,2030419.3617021276,-202325400382.03976
linkedin,linkedin.com,web,2,577.7658,12622347,37.2680412371134,1675999.5567010308,-735614005.262032
linkedin,linkedin.com,web,3,558.6969600000001,6660415,37.67669902912621,1692120.5242718447,-787998862409.2472
linkedin,linkedin.com,web,4,560.2751999999999,7563421,37.784946236559136,2011389.2795698924,-267184447882.75705
linkedin,linkedin.com,web,5,561.85344,5433122,37.46808510638298,2017511.2234042552,-804522591372.5737
linkedin,linkedin.com,web,6,557.31456,4209662,37.95744680851064,2026581.0531914893,-518727779582.5359
linkedin,linkedin.com,web,7,555.6049200000001,4178373,38.28421052631579,1685066.8315789474,-438523303267.1892
linkedin,linkedin.com,web,8,546.07104,4796031,38.02173913043478,2023179.9130434783,-338181408049.9191
linkedin,linkedin.com,web,9,561.9366,4538229,36.68421052631579,1652517.7789473685,-399772762034.32794
linkedin,linkedin.com,web,10,544.6483199999999,2094408,37.787234042553195,2024032.1914893617,-257888119847.98877
linkedin,linkedin.com,web,11,555.6049200000001,5829919,37.829787234042556,2033709.4893617022,1.2964733218306248e+16
linkedin,linkedin.com,web,12,541.48176,6401744,37.723404255319146,2025382.574468085,-227877121802.54544
linkedin,linkedin.com,web,13,549.2275199999999,4268383,37.11724137931034,1676984.7471264368,-751666788.7868853
linkedin,linkedin.com,web,14,558.7707599999999,4203080,36.88461538461539,1615586.6153846155,-3.851713275682351e+16
linkedin,linkedin.com,web,15,584.0974799999999,3392167,37.509302325581395,1655551.7209302327,28620531.761363637
linkedin,linkedin.com,web,16,563.51952,2121236,37.27884615384615,1611666.5192307692,-903925927956.5492
linkedin,linkedin.com,web,17,563.51952,4222066,37.20454545454545,1656823.8636363635,-284088239541.0536
linkedin,linkedin.com,web,18,558.6969600000001,4286165,37.66990291262136,1636016.7572815535,-704230597.4640884
linkedin,linkedin.com,web,19,557.1878400000002,4809403,37.57692307692308,1635019.5673076923,27268750.994791668
linkedin,linkedin.com,web,20,565.00992,4243317,37.69230769230769,1637416.3846153845,-750297023.3770492
linkedin,linkedin.com,web,21,558.6969600000001,3619593,37.80769230769231,1637434.8942307692,-189955122090.19232
linkedin,linkedin.com,web,22,560.4811199999999,4317320,37.33980582524272,1615170.2330097088,-205653125082.08197
linkedin,linkedin.com,web,23,562.0644,2157527,37.4,1641873.0095238094,-429277029533.3333
linkedin,linkedin.com,web,24,544.6483199999999,4209260,35.270833333333336,1673778.59375,-370994118067.47736
linkedin,linkedin.com,web,25,569.9807999999999,4154118,37.712765957446805,2028600.2234042552,-722730413.0421053
weather,weather.com,web,1,550.2420000000001,2136675,36.75221238938053,1768299.017699115,-1543720560515.9114
weather,weather.com,web,2,551.8141200000001,2523808,36.05084745762712,1743104.5084745763,-1143285863848.7102
weather,weather.com,web,3,564.3910799999999,7484904,36.0,1721357.0336134455,-511530448406.7577
weather,weather.com,web,4,547.09776,8645386,35.596638655462186,1749992.7226890756,-1070986334509.047
weather,weather.com,web,5,548.66988,9157966,35.61206896551724,1765418.1551724137,4.306550634010069e+16
weather,weather.com,web,6,556.53048,11467532,36.357142857142854,1750761.3035714286,3.072203526443784e+17
weather,weather.com,web,7,542.3814,8586246,24.66990291262136,1575386.436893204,-508015503592.29535
weather,weather.com,web,8,554.95836,11287495,24.552380952380954,1577891.019047619,-522423595674.9655
weather,weather.com,web,9,542.3814,6822424,36.29661016949152,1768539.5508474577,32624213.765060242
weather,weather.com,web,10,551.8141200000001,9095730,36.47863247863248,1753145.9401709402,-1644619532389.6045
weather,weather.com,web,11,463.77540000000005,8905768,36.1578947368421,1743753.5263157894,322379488961254.9
weather,weather.com,web,12,556.53048,10600118,35.86363636363637,1701185.5363636364,337178685298504.06
weather,weather.com,web,13,547.09776,6835750,35.612612612612615,1738736.1171171172,-1569594843602.1838
weather,weather.com,web,14,470.0638799999999,9302891,35.9327868852459,1759665.286885246,1.435462124393191e+16
weather,weather.com,web,15,545.5256400000001,6928489,36.26890756302521,1771762.7647058824,-3.888878047539797e+16
weather,weather.com,web,16,504.6505200000001,11303293,35.60877192982456,1691789.0614035088,-450138021.6711111
weather,weather.com,web,17,547.09776,9376641,28.096153846153847,1639592.2307692308,-536516700988.0279
weather,weather.com,web,18,548.66988,9120404,35.77355371900827,1705298.4876033058,-444620785.768559
weather,weather.com,web,19,559.67472,10275359,35.75798319327731,1733850.43697479,7.300409289530797e+16
weather,weather.com,web,20,600.5498400000001,8934475,36.557522123893804,1728387.2123893804,-1095311324487.0765
weather,weather.com,web,21,542.3814,11621763,35.85087719298246,1699489.5614035088,327374438296517.5
weather,weather.com,web,22,556.53048,8776738,35.226890756302524,1708987.2857142857,8.601293514898451e+16
weather,weather.com,web,23,547.09776,10442586,35.981308411214954,1724146.5046728973,1.6026816640820328e+16
weather,weather.com,web,24,554.95836,10343698,36.625,1728381.9910714286,3.3360430029124316e+16
weather,weather.com,web,25,548.66988,8876389,35.765765765765764,1714629.2252252253,83845749.45454545
spotify,open.spotify.com,web,1,586.93788,14793887,35.95575221238938,1683302.353982301,53694011.071428575
spotify,open.spotify.com,web,2,588.51144,8885285,35.92035398230089,1683884.442477876,58159429.5
spotify,open.spotify.com,web,3,596.37924,8648264,35.991150442477874,1678101.628318584,52973047.8245614
spotify,open.spotify.com,web,4,591.6585600000001,8711029,36.61206896551724,1680807.2672413792,50446572.2631579
spotify,open.spotify.com,web,5,588.51144,8895641,36.964285714285715,1683255.8214285714,-1476555376706.8948
spotify,open.spotify.com,web,6,585.36432,8331845,35.973684210526315,1687656.8245614036,53304266.596491225
spotify,open.spotify.com,web,7,596.37924,10727540,36.02608695652174,1662378.095652174,53266508.07017544
spotify,open.spotify.com,web,8,446.89104,8747027,36.283185840707965,1727927.0884955751,56702650.054545455
spotify,open.spotify.com,web,9,593.23212,9291018,36.05263157894737,1671068.7807017544,41042026.734042555
spotify,open.spotify.com,web,10,588.51144,10147740,35.70940170940171,1738552.1965811965,57043210.696428575
spotify,open.spotify.com,web,11,593.23212,8723795,35.89818181818182,1706048.509090909,58461899.03636364
spotify,open.spotify.com,web,12,585.36432,8846352,38.48672566371681,1713174.982300885,-1498629373966.709
spotify,open.spotify.com,web,13,588.51144,8980729,35.63157894736842,1707262.9649122807,51787166.44067796
spotify,open.spotify.com,web,14,588.51144,8900890,36.827586206896555,1693345.6810344828,-1436092052477.3103
spotify,open.spotify.com,web,15,586.93788,8598852,37.4,1708992.2,55803765.196428575
spotify,open.spotify.com,web,16,607.3941599999999,0,35.785714285714285,1676077.080357143,53656462.27586207
spotify,open.spotify.com,web,17,590.0849999999999,8839544,36.71304347826087,1666977.8086956523,56109644.85454545
spotify,open.spotify.com,web,18,586.93788,10924550,37.33913043478261,1745185.4782608696,56934736.53448276
spotify,open.spotify.com,web,19,591.6585600000001,7856409,35.582608695652176,1678993.6260869566,50182485.321428575
spotify,open.spotify.com,web,20,585.36432,9266960,36.224137931034484,1731132.948275862,49467268.053571425
spotify,open.spotify.com,web,21,583.79076,8748203,36.794642857142854,1691062.125,53758453.0877193
spotify,open.spotify.com,web,22,601.0999200000001,8815427,35.99130434782609,1694189.2173913044,58740304.844827585
spotify,open.spotify.com,web,23,588.51144,9388260,23.75,1667551.103448276,52144835.625
spotify,open.spotify.com,web,24,597.9528,8807158,36.174311926605505,1616221.7155963304,63375585.90909091
spotify,open.spotify.com,web,25,586.93788,9212280,35.84,1695027.9652173913,52519783.438596494
espn,espn.com,web,1,482.94144,12102751,27.29032258064516,2013077.935483871,-248166579509.81818
espn,espn.com,web,2,487.6761600000001,2142433,27.23010752688172,1973159.7741935484,-243738958023.92438
espn,espn.com,web,3,482.94144,2226010,26.90212765957447,2001115.5957446808,-1.4893807486895534e+16
espn,espn.com,web,4,481.3632,2117303,26.9247311827957,1999868.8817204302,31829538.828571428
espn,espn.com,web,5,484.51967999999994,2835315,26.978494623655912,2004038.7634408602,674756851898200.8
espn,espn.com,web,6,484.51967999999994,2085898,27.06808510638298,1986619.6595744682,-247547410570.33035
espn,espn.com,web,7,484.51967999999994,2083620,27.010752688172044,1993180.9032258065,-269023948919.83783
espn,espn.com,web,8,479.78495999999996,2120157,26.849462365591396,2005153.4731182796,30876478.366666667
espn,espn.com,web,9,482.94144,1658690,27.679569892473115,2010328.9784946237,30712170.90990991
espn,espn.com,web,10,482.94144,0,27.516129032258064,2000578.8924731184,28394916.582608696
espn,espn.com,web,11,484.51967999999994,0,27.462365591397848,2042939.3655913977,31891729.435643565
espn,espn.com,web,12,484.51967999999994,2142926,27.23913043478261,2033466.0108695652,-1.3564254733525302e+16
espn,espn.com,web,13,486.09792000000004,2107054,27.376344086021504,1991989.0752688171,30063487.71681416
espn,espn.com,web,14,486.09792000000004,0,27.06382978723404,2016915.9787234042,31033377.604166668
espn,espn.com,web,15,481.3632,2112802,27.0752688172043,2014186.935483871,31669798.579439253
espn,espn.com,web,16,476.6284799999999,2078321,26.956989247311828,2006816.8494623655,28701441.01724138
espn,espn.com,web,17,484.51967999999994,2084515,27.150537634408604,2005712.7204301076,27912692.743589744
espn,espn.com,web,18,487.6761600000001,1877629,27.161290322580644,2025458.1505376345,-225463089143.35577
espn,espn.com,web,19,481.3632,2159865,26.956989247311828,2009815.0107526882,-238781511803.33
espn,espn.com,web,20,487.6761600000001,2082891,26.817204301075268,1999977.5376344086,-305302067551.77454
espn,espn.com,web,21,487.6761600000001,0,27.386021505376345,2024263.5806451612,-274539471612.3826
espn,espn.com,web,22,479.78495999999996,1118566,27.21505376344086,2016759.3010752688,-289568940402.5446
espn,espn.com,web,23,486.09792000000004,0,27.27956989247312,2028072.4516129033,-249125859506.20792
espn,espn.com,web,24,478.2067200000001,0,27.35483870967742,2039665.5161290322,-274793152437.04807
espn,espn.com,web,25,489.2544,2194739,27.13978494623656,2020300.9139784947,7.064473969921268e+16
shopee,shopee.tw,web,1,485.45856000000003,24599560,28.145631067961165,1643579.4077669904,16587675.5625
shopee,shopee.tw,web,2,493.26336000000003,5648907,31.217821782178216,1875676.7722772278,-894674051185.6267
shopee,shopee.tw,web,3,524.48256,6996099,29.36842105263158,1869921.747368421,-848379515020.4744
shopee,shopee.tw,web,4,493.26336000000003,2101354,28.594059405940595,1654361.8316831684,-768832776098.1125
shopee,shopee.tw,web,5,514.5541200000001,2282848,29.784313725490197,1853896.049019608,-1246758384457.8096
shopee,shopee.tw,web,6,482.33664,0,27.11764705882353,1647693.1470588236,48627373.9661017
shopee,shopee.tw,web,7,485.45856000000003,3926406,27.169811320754718,1704661.933962264,42906955.85714286
shopee,shopee.tw,web,8,497.94624000000005,3237973,30.214285714285715,1885303.2448979593,16343009.6374502
shopee,shopee.tw,web,9,519.2748,9141974,27.820869565217393,1597609.391304348,2.4797731481026627e+17
shopee,shopee.tw,web,10,501.96564,0,29.47578947368421,1889286.8736842105,-427876190861.9803
shopee,shopee.tw,web,11,501.96564,2402210,27.225,1629434.6,16872509.92430279
shopee,shopee.tw,web,12,477.65376000000003,1218609,27.57758620689655,1634084.1637931035,-121839698795.36417
shopee,shopee.tw,web,13,496.3852800000001,0,27.74774774774775,1621264.2882882883,5.573420039102438e+16
shopee,shopee.tw,web,14,480.7756800000001,2088578,28.228813559322035,1600451.6610169492,-1050495491238.0492
shopee,shopee.tw,web,15,499.50719999999995,4434324,27.88118811881188,1772363.5742574257,-7.762248318368858e+16
shopee,shopee.tw,web,16,505.75103999999993,0,30.36842105263158,1831918.9385964912,1.965108194807324e+16
shopee,shopee.tw,web,17,497.94624000000005,2219779,28.310344827586206,1601226.7586206896,16097291.463414634
shopee,shopee.tw,web,18,504.1900799999999,2504221,27.448275862068964,1604517.8706896552,16007172.228915663
shopee,shopee.tw,web,19,453.18528,929802,31.06,1920835.52,20039695.95202952
shopee,shopee.tw,web,20,480.7756800000001,7134933,28.88659793814433,1863923.6494845361,56652489.823529415
shopee,shopee.tw,web,21,482.33664,2082745,33.17355371900826,1808417.8512396694,-1160558956261.4312
shopee,shopee.tw,web,22,457.36128,2087458,28.063063063063062,1723050.3963963964,-1027948605462.695
shopee,shopee.tw,web,23,494.09783999999996,2975471,27.017094017094017,1605352.2735042735,78604113.15384616
shopee,shopee.tw,web,24,512.98056,0,29.277227722772277,1781239.3267326732,75747967.82142857
shopee,shopee.tw,web,25,501.06816,0,23.548000000000002,1622383.37,15153113.648
pinterest,nl.pinterest.com,web,1,545.7754800000001,2085689,34.65299145299145,1956694.5384615385,-1862239849586.5908
pinterest,nl.pinterest.com,web,2,490.72607999999997,29588937,32.592233009708735,1876472.650485437,-2442595912931.2964
pinterest,nl.pinterest.com,web,3,519.0372,28038895,34.733333333333334,1734689.3904761905,2.2404304696959976e+16
pinterest,nl.pinterest.com,web,4,528.47424,22325190,40.70175438596491,1972589.5614035088,-5038894701709.585
pinterest,nl.pinterest.com,web,5,539.48412,7906114,22.570093457943926,1542500.785046729,2802148278356018.0
pinterest,nl.pinterest.com,web,6,583.5236399999999,16237238,36.833333333333336,1735006.1666666667,-866552555644.3226
pinterest,nl.pinterest.com,web,7,515.89152,7190150,43.85353535353536,1755456.606060606,-1217236904976.2979
pinterest,nl.pinterest.com,web,8,506.4544800000001,28613561,34.94117647058823,1669172.4411764706,-624292978413.5834
pinterest,nl.pinterest.com,web,9,530.04708,11454472,34.50535714285714,1929443.669642857,-1029187508542.9078
pinterest,nl.pinterest.com,web,10,846.18792,11510945,34.85344827586207,1974771.3275862068,-6062998665113279.0
pinterest,nl.pinterest.com,web,11,517.46436,23288292,39.6078431372549,1681784.9901960783,-1510308656024.6638
pinterest,nl.pinterest.com,web,12,589.8149999999999,33028885,33.87155963302752,1703968.1467889908,-1132150885186.3281
pinterest,nl.pinterest.com,web,13,618.1261199999999,17449446,33.74311926605505,1697961.376146789,1.8058747561096717e+17
pinterest,nl.pinterest.com,web,14,515.89152,22296714,51.00934579439252,1981092.6542056075,-722558189598.2667
pinterest,nl.pinterest.com,web,15,597.6792,21734210,31.59633027522936,1877223.128440367,77176396.03703703
pinterest,nl.pinterest.com,web,16,619.69896,48829380,33.78983050847457,1918657.7711864407,-1499478470540.1155
pinterest,nl.pinterest.com,web,17,511.173,21743230,32.575,1971543.4083333334,6.246264640208816e+16
pinterest,nl.pinterest.com,web,18,520.6100399999999,32466443,36.632075471698116,1743419.1792452831,-880957468943.8334
pinterest,nl.pinterest.com,web,19,435.402,32300531,33.80508474576271,1906173.0847457626,-911395332166.1901
pinterest,nl.pinterest.com,web,20,575.65944,11959939,33.53050847457627,1940352.5254237289,-629046089701.0122
pinterest,nl.pinterest.com,web,21,520.6100399999999,44000129,27.27102803738318,1549380.981308411,-1633775873173.6377
pinterest,nl.pinterest.com,web,22,541.05696,7043425,34.59145299145299,1942346.3076923077,-9875691456713.512
pinterest,nl.pinterest.com,web,23,533.19276,14467028,31.56756756756757,1594397.792792793,1.8436615685887354e+17
pinterest,nl.pinterest.com,web,24,504.88164,9240874,40.231404958677686,1806412.4545454546,-969511601184.5652
pinterest,nl.pinterest.com,web,25,493.87176000000005,16640857,35.42782608695652,1897419.095652174,-5.728972404954043e+16
twitch,twitch.tv,web,1,548.66988,101807115,33.79207920792079,1676109.2475247525,35556847.87012987
twitch,twitch.tv,web,2,561.24684,54889700,33.65346534653465,1697891.9702970297,35243926.65
twitch,twitch.tv,web,3,550.2420000000001,96793824,35.65384615384615,1668768.6153846155,68474959.09375
twitch,twitch.tv,web,4,570.6795599999999,96137693,33.70582524271845,1748300.786407767,35324003.65853658
twitch,twitch.tv,web,5,559.67472,97132424,35.05769230769231,1675913.798076923,-1295616732321.0977
twitch,twitch.tv,web,6,567.53532,97360340,33.6,1699230.49,32648320.133333333
twitch,twitch.tv,web,7,570.6795599999999,99768929,34.255319148936174,1693282.6170212766,60123063.5625
twitch,twitch.tv,web,8,547.09776,100161740,33.22549019607843,1683554.549019608,31012321.42857143
twitch,twitch.tv,web,9,550.2420000000001,102625450,35.309615384615384,1683701.1826923077,61765873.51612903
twitch,twitch.tv,web,10,565.9631999999999,105855661,34.67307692307692,1680536.4423076923,33737171.38961039
twitch,twitch.tv,web,11,545.5256400000001,105112843,33.21649484536083,1698605.381443299,31406500.863636363
twitch,twitch.tv,web,12,547.09776,103200884,34.85294117647059,1669092.3921568627,35682654.92
twitch,twitch.tv,web,13,558.1026,101827491,35.425,1694832.1538461538,64408891.03333333
twitch,twitch.tv,web,14,562.8189599999998,100521771,35.49038461538461,1677485.5192307692,61691726.24242424
twitch,twitch.tv,web,15,547.09776,102043041,33.5,1700125.0288461538,61700034.93333333
twitch,twitch.tv,web,16,561.24684,104721528,34.63461538461539,1670600.4903846155,34021719.57534247
twitch,twitch.tv,web,17,551.8141200000001,105198608,34.7686274509804,1681504.705882353,42099529.952380955
twitch,twitch.tv,web,18,561.24684,83808950,35.0,1691024.8173076923,42926363.4375
twitch,twitch.tv,web,19,504.6505200000001,104693427,34.8252427184466,1691183.5533980583,32599772.943181816
twitch,twitch.tv,web,20,548.66988,68916052,31.701923076923077,1683230.6538461538,35278676.36111111
twitch,twitch.tv,web,21,556.53048,0,34.0873786407767,1671672.640776699,27870002.53153153
twitch,twitch.tv,web,22,573.8238,0,35.48039215686274,1701667.637254902,59826194.32258064
twitch,twitch.tv,web,23,561.24684,349446077,34.79047619047619,1689845.9333333333,58155564.24242424
twitch,twitch.tv,web,24,531.3765599999999,112943749,34.71844660194175,1689625.2815533981,-1245311493534.721
twitch,twitch.tv,web,25,547.09776,105334066,29.82075471698113,1676446.0471698113,-2360678551646.3955
soundcloud,soundcloud.com,web,1,605.8206,10507345,44.1,1642903.82,50898984.88235294
soundcloud,soundcloud.com,web,2,610.5412799999999,8936223,44.41,1631764.8,55940454.54545455
soundcloud,soundcloud.com,web,3,605.8206,8141524,41.43030303030304,1635653.5151515151,59444282.80645161
soundcloud,soundcloud.com,web,4,604.24704,8560438,44.41904761904762,1647679.3047619048,56468686.40625
soundcloud,soundcloud.com,web,5,605.8206,8438398,44.82666666666667,1639209.0,64364143.48387097
soundcloud,soundcloud.com,web,6,612.11484,8947770,46.556603773584904,1644741.6132075472,52601142.0882353
soundcloud,soundcloud.com,web,7,610.5412799999999,8390537,45.86,1628026.29,58929873.24242424
soundcloud,soundcloud.com,web,8,610.5412799999999,8599439,43.98,1632670.33,52677099.428571425
soundcloud,soundcloud.com,web,9,602.6734799999999,8440806,45.43396226415094,1625103.4433962265,57743549.86111111
soundcloud,soundcloud.com,web,10,607.3941599999999,8465630,44.71,1633795.83,58114277.90625
soundcloud,soundcloud.com,web,11,615.26196,8705269,44.613207547169814,1626296.6698113207,-2256105791147.943
soundcloud,soundcloud.com,web,12,610.5412799999999,8973803,45.101010101010104,1622426.4444444445,-2169323458557.111
soundcloud,soundcloud.com,web,13,607.3941599999999,8228529,46.67619047619048,1641609.6952380952,70524267.94285715
soundcloud,soundcloud.com,web,14,608.9677200000001,8366704,43.784,1645319.11,59246819.4
soundcloud,soundcloud.com,web,15,610.5412799999999,8470920,44.25688073394495,1619232.7064220184,52904017.666666664
soundcloud,soundcloud.com,web,16,610.5412799999999,8816923,44.857142857142854,1632680.8285714285,1.1315692907310694e+17
soundcloud,soundcloud.com,web,17,610.5412799999999,8447893,44.772277227722775,1643206.9405940594,58641314.5882353
soundcloud,soundcloud.com,web,18,608.9677200000001,8650468,45.10476190476191,1640096.6285714286,52872688.03030303
soundcloud,soundcloud.com,web,19,555.46668,8399973,45.91428571428571,1633182.0285714285,58996380.11764706
soundcloud,soundcloud.com,web,20,610.5412799999999,8621824,46.03883495145631,1659334.854368932,54214878.36363637
soundcloud,soundcloud.com,web,21,604.24704,8868033,43.98,1626234.13,61439354.121212125
soundcloud,soundcloud.com,web,22,608.9677200000001,8368767,45.18,1625482.93,56263012.15151515
soundcloud,soundcloud.com,web,23,613.6884,8207550,45.1,1628497.76,58646576.78787879
soundcloud,soundcloud.com,web,24,605.8206,8901188,44.733333333333334,1631405.6285714286,55920481.36363637
soundcloud,soundcloud.com,web,25,607.3941599999999,8280372,45.55339805825243,1619217.854368932,-2359638214773.0625
youtube,youtube.com,web,1,692.4952800000001,26716816,42.437254901960785,1667099.294117647,58015344.29032258
youtube,youtube.com,web,2,683.1792,26761965,44.46601941747573,1682429.4854368933,69557985.83870968
youtube,youtube.com,web,3,683.1792,27684000,43.85,1712016.41,57384327.90625
youtube,youtube.com,web,4,676.96848,8791087,43.32673267326733,1695283.603960396,86939519.04
youtube,youtube.com,web,5,683.1792,0,43.32673267326733,1676008.7425742573,62531341.375
youtube,youtube.com,web,6,685.4443200000001,25514998,43.28155339805825,1716235.922330097,67538194.85714285
youtube,youtube.com,web,7,681.6265199999999,25666309,43.332038834951454,1679120.854368932,74099860.2
youtube,youtube.com,web,8,680.07384,27325831,43.603960396039604,1656384.6831683167,69512000.35483871
youtube,youtube.com,web,9,669.2050800000001,25770289,42.3235294117647,1670983.7843137255,70683304.48387097
youtube,youtube.com,web,10,680.07384,30126158,43.549019607843135,1664106.7745098039,60286072.78787879
youtube,youtube.com,web,11,683.1792,26712301,43.27450980392157,1706094.7843137255,52118044.303030305
youtube,youtube.com,web,12,670.75776,28929987,43.98613861386139,1712848.9108910891,58647621.32258064
youtube,youtube.com,web,13,692.4952800000001,26166931,43.31683168316832,1703113.693069307,64373620.36666667
youtube,youtube.com,web,14,676.96848,32206731,43.16831683168317,1667155.9702970297,59531375.12903226
youtube,youtube.com,web,15,611.75592,27599615,42.83168316831683,1718288.603960396,71509725.37931034
youtube,youtube.com,web,16,650.57292,30119264,41.625,1675552.923076923,56766491.51612903
youtube,youtube.com,web,17,659.889,28224199,43.333333333333336,1712272.4747474748,55586322.741935484
youtube,youtube.com,web,18,680.07384,28457745,43.74,1677050.53,-2.411614920807179e+16
youtube,youtube.com,web,19,676.96848,26517636,42.90196078431372,1683523.5098039217,71369931.09677419
youtube,youtube.com,web,20,680.07384,36474864,43.817346938775515,1674474.8265306123,59144739.85294118
youtube,youtube.com,web,21,699.5934,27480723,32.5,1669581.0377358492,64165862.53125
youtube,youtube.com,web,22,517.0424399999999,26872144,38.28431372549019,1676545.1176470588,74592664.32142857
youtube,youtube.com,web,23,673.86312,31041190,44.36274509803921,1683608.7843137255,66203026.70967742
youtube,youtube.com,web,24,672.31044,31706731,42.78217821782178,1665121.9900990098,69874100.06666666
youtube,youtube.com,web,25,670.75776,17879369,43.78095238095238,1680798.980952381,57110652.09677419
pinterest,com.pinterest,native,1,445.6944,82428927,17.20990099009901,287788.9900990099,5243348.750571429
pinterest,com.pinterest,native,2,361.30752,112012697,20.976190476190474,255747.9623015873,-34865087685.78754
pinterest,com.pinterest,native,3,489.3501600000001,86683635,29.159274193548388,289261.77419354836,-34643622144.330864
pinterest,com.pinterest,native,4,474.9948,128885488,23.084016393442624,294007.1618852459,-38815950218.78914
pinterest,com.pinterest,native,5,503.02727999999996,84698516,12.032993890020366,290265.21181262727,-11995750.632446809
pinterest,com.pinterest,native,6,455.80032,97423015,23.1479674796748,274627.73983739835,-2040000.1121222528
pinterest,com.pinterest,native,7,445.40496,96832020,31.661322645290582,284860.8096192385,-1422290.155971029
pinterest,com.pinterest,native,8,436.0608,63715953,33.688741721854306,220840.00883002207,-14209496.115201091
pinterest,com.pinterest,native,9,440.73288,59597969,37.35856573705179,284433.3326693227,6223626.6379545145
pinterest,com.pinterest,native,10,434.74752,2046035,40.445807770961146,257612.9918200409,404557.89542391914
pinterest,com.pinterest,native,11,445.6944,82147317,26.043392504930967,271074.3550295858,-4389698.830144735
pinterest,com.pinterest,native,12,465.65064,76710106,47.718106995884774,237528.17283950618,-10852590.342208568
pinterest,com.pinterest,native,13,420.67295999999993,88078615,24.380081300813007,265655.6646341463,-22481289.724741887
pinterest,com.pinterest,native,14,524.83032,109046057,30.97319587628866,288981.012371134,579563.8167461754
pinterest,com.pinterest,native,15,453.19176000000004,89107773,48.53629032258065,260462.125,-6897906.782358078
pinterest,com.pinterest,native,16,391.80096000000003,95755807,39.252821670428894,269135.58690744924,-13658326630.506502
pinterest,com.pinterest,native,17,445.71384000000006,104532453,32.803312629399585,280297.56935817807,494350.08422191313
pinterest,com.pinterest,native,18,444.1554,62412359,43.0,286678.8329896907,-13861386.052971808
pinterest,com.pinterest,native,19,448.51968,98494992,35.491902834008094,226332.43522267207,-658578552309.0598
pinterest,com.pinterest,native,20,438.62976000000003,60420736,16.204123711340205,294030.6412371134,-15665502490.162302
pinterest,com.pinterest,native,21,485.45856000000003,59238767,16.204035874439462,212060.10986547085,-18805167550.206745
pinterest,com.pinterest,native,22,400.24152,63037261,23.634,280668.944,-14550068.854011955
pinterest,com.pinterest,native,23,303.8958,98398420,16.835952848722982,82531.11787819254,3367485.287987376
pinterest,com.pinterest,native,24,430.056,71958147,23.418891170431213,289314.6796714579,574654.8129533678
pinterest,com.pinterest,native,25,493.6831199999999,58349154,40.634730538922156,278689.15568862273,-12804336626.392906
shopee,com.shopee.tw,native,1,462.53592,44662887,34.243961352657,405092.00483091787,-154402401604259.03
shopee,com.shopee.tw,native,2,481.22424,26892851,36.41919191919192,425615.3181818182,-267901780464.80078
shopee,com.shopee.tw,native,3,453.19176000000004,22801166,23.480099502487562,397109.0995024876,-799225101458773.0
shopee,com.shopee.tw,native,4,464.09328,32832730,37.78199052132702,361111.06398104265,-211043387942.68784
shopee,com.shopee.tw,native,5,436.0608,22078790,31.113475177304963,349623.41134751774,-435252553543219.4
shopee,com.shopee.tw,native,6,465.65064,23572655,32.49367088607595,439414.16202531644,-185578208082.4214
shopee,com.shopee.tw,native,7,453.19176000000004,14462106,28.20731707317073,387252.8243902439,-979823593052833.9
shopee,com.shopee.tw,native,8,445.40496,19626530,41.906172839506176,394661.06172839506,-2274446756264257.0
shopee,com.shopee.tw,native,9,453.19176000000004,56455418,24.269689737470166,363941.63961813843,1317546610917035.2
shopee,com.shopee.tw,native,10,484.33896000000004,24971241,29.872549019607842,404304.53921568627,-286660090778.7751
shopee,com.shopee.tw,native,11,431.38872,27136192,34.48395061728395,422871.6740740741,1256460928736499.2
shopee,com.shopee.tw,native,12,457.86384000000004,29797491,22.80871670702179,380878.9491525424,-261385065443.764
shopee,com.shopee.tw,native,13,468.76536000000004,13149235,27.519417475728154,386912.4708737864,2568857627037064.0
shopee,com.shopee.tw,native,14,440.73288,18730620,22.58690176322418,404023.88916876575,-510366097204298.8
shopee,com.shopee.tw,native,15,436.0608,38924666,53.39975845410628,417147.8429951691,-352239262375.9993
shopee,com.shopee.tw,native,16,450.07704,15018728,15.730310262529834,386814.76372315036,-155589549455.24667
shopee,com.shopee.tw,native,17,482.7816,20638376,31.012345679012345,391266.9679012346,3857024009910.91
shopee,com.shopee.tw,native,18,468.76536000000004,33278601,17.749875930521075,419792.94044665014,-290249013844321.25
shopee,com.shopee.tw,native,19,473.43744,15147592,21.505938242280283,387732.783847981,-510023125655.3181
shopee,com.shopee.tw,native,20,467.208,38551629,37.69095477386934,444974.959798995,1294940203269197.0
shopee,com.shopee.tw,native,21,445.40496,33851269,27.31219512195122,390939.3707317073,-72098154295.55019
shopee,com.shopee.tw,native,22,454.74911999999995,15255014,25.744245524296677,430360.0997442455,-224307830762.12323
shopee,com.shopee.tw,native,23,468.76536000000004,28216359,14.833014354066952,360066.5956937799,-342724753291.4617
shopee,com.shopee.tw,native,24,446.96232,35136806,51.47560975609756,407219.3804878049,-417556401976.1372
shopee,com.shopee.tw,native,25,471.8800800000001,15006742,46.05938242280285,362455.5819477435,374207776346471.56
weather,com.weather.weather,native,1,326.15568,2138482,23.154054054054054,229136.72162162163,-122695790.29482071
weather,com.weather.weather,native,2,417.70512,0,18.91860465116279,179094.67441860464,17722915.389330305
weather,com.weather.weather,native,3,n/a,n/a,n/a,n/a,n/a
weather,com.weather.weather,native,4,n/a,n/a,n/a,n/a,n/a
weather,com.weather.weather,native,5,n/a,n/a,n/a,n/a,n/a
weather,com.weather.weather,native,6,n/a,n/a,n/a,n/a,n/a
weather,com.weather.weather,native,7,n/a,n/a,n/a,n/a,n/a
weather,com.weather.weather,native,8,n/a,n/a,n/a,n/a,n/a
weather,com.weather.weather,native,9,n/a,n/a,n/a,n/a,n/a
weather,com.weather.weather,native,10,n/a,n/a,n/a,n/a,n/a
weather,com.weather.weather,native,11,n/a,n/a,n/a,n/a,n/a
weather,com.weather.weather,native,12,n/a,n/a,n/a,n/a,n/a
weather,com.weather.weather,native,13,n/a,n/a,n/a,n/a,n/a
weather,com.weather.weather,native,14,n/a,n/a,n/a,n/a,n/a
weather,com.weather.weather,native,15,n/a,n/a,n/a,n/a,n/a
weather,com.weather.weather,native,16,n/a,n/a,n/a,n/a,n/a
weather,com.weather.weather,native,17,n/a,n/a,n/a,n/a,n/a
weather,com.weather.weather,native,18,n/a,n/a,n/a,n/a,n/a
weather,com.weather.weather,native,19,n/a,n/a,n/a,n/a,n/a
weather,com.weather.weather,native,20,n/a,n/a,n/a,n/a,n/a
weather,com.weather.weather,native,21,n/a,n/a,n/a,n/a,n/a
weather,com.weather.weather,native,22,n/a,n/a,n/a,n/a,n/a
weather,com.weather.weather,native,23,n/a,n/a,n/a,n/a,n/a
weather,com.weather.weather,native,24,n/a,n/a,n/a,n/a,n/a
weather,com.weather.weather,native,25,n/a,n/a,n/a,n/a,n/a
coupang,com.coupang.mobile,native,1,298.89972000000006,25727009,28.875,315113.45047169813,-2.1747298140177796e+16
coupang,com.coupang.mobile,native,2,283.25052,30297356,36.31615925058548,296646.8711943794,-1.1375277420296836e+16
coupang,com.coupang.mobile,native,3,323.93843999999996,24902156,26.968036529680365,301517.9908675799,-2320107104586592.5
coupang,com.coupang.mobile,native,4,378.71064,30023777,16.418181818181818,245280.64444444445,-44599024173.56495
coupang,com.coupang.mobile,native,5,287.94527999999997,26620393,25.808678500986193,250426.18737672584,1237290263128398.0
coupang,com.coupang.mobile,native,6,341.15256,32089054,23.883529411764705,224602.92745098038,-1.5491873997215482e+16
coupang,com.coupang.mobile,native,7,322.37352000000004,49870582,33.79302325581396,318463.01860465115,-5361278994339284.0
coupang,com.coupang.mobile,native,8,331.76304,19777842,28.7,293588.26976744185,-1.1219927271164754e+16
coupang,com.coupang.mobile,native,9,353.67192000000006,161970231,26.671232876712327,295548.8630136986,-2557618567626489.0
coupang,com.coupang.mobile,native,10,505.46915999999993,21299945,10.88789237668164,288064.43497757846,-6577652545321964.0
coupang,com.coupang.mobile,native,11,355.23684,14987686,23.84708249496982,194280.28772635816,-2990535326829.8774
coupang,com.coupang.mobile,native,12,338.02272000000005,31689159,36.95591647331786,355719.6473317865,-2.001701478937632e+16
coupang,com.coupang.mobile,native,13,338.02272000000005,26920204,24.018561484918795,289047.19721577724,1636783607950873.0
coupang,com.coupang.mobile,native,14,314.54892000000007,26970219,26.862559241706162,290327.2345971564,1.088806810339942e+16
coupang,com.coupang.mobile,native,15,348.97715999999997,35573241,24.09145129224652,357758.1630218688,-2177375069906510.5
coupang,com.coupang.mobile,native,16,391.22999999999996,2293274,31.089227166276345,277092.21779859485,-1.8540023349275588e+16
coupang,com.coupang.mobile,native,17,353.67192000000006,46986627,26.655030800821354,274074.453798768,-9803047754038038.0
coupang,com.coupang.mobile,native,18,394.35984,17959956,13.1625,162838.66730769232,433741664773230.6
coupang,com.coupang.mobile,native,19,352.107,31698336,23.479674796747968,251490.23170731709,-2124376182585270.8
coupang,com.coupang.mobile,native,20,345.84732,29004743,29.445887445887447,259788.77272727274,-2777724211393364.0
coupang,com.coupang.mobile,native,21,359.9316,28504735,20.58177570093458,301399.20327102806,-66320627826.17048
coupang,com.coupang.mobile,native,22,359.9316,23588223,16.914159292035407,237385.3849557522,814236402226143.2
coupang,com.coupang.mobile,native,23,319.24368,50998957,32.34027777777778,271756.93518518517,1.3891283486218684e+16
coupang,com.coupang.mobile,native,24,352.107,19978318,13.229425287356321,281373.9632183908,516375315502025.06
coupang,com.coupang.mobile,native,25,328.6332,9155038,31.117283950617285,257413.26543209876,-3781878253474396.0
linkedin,com.linkedin.android,native,1,338.95584,72701002,31.72938144329897,368451.425257732,-1407159886850381.5
linkedin,com.linkedin.android,native,2,423.69480000000004,116250299,16.017902813299234,358414.5780051151,-458661631019244.06
linkedin,com.linkedin.android,native,3,467.58815999999996,85852103,13.708641975308645,357486.04691358027,-160688513449.42737
linkedin,com.linkedin.android,native,4,289.3104,107550009,9.86361323155215,350627.9389312977,18680124.84466656
linkedin,com.linkedin.android,native,5,295.01712,88090245,32.86029411764706,358345.82598039217,9955020.624554254
linkedin,com.linkedin.android,native,6,436.24872,98567508,15.832923832923832,359975.5945945946,-88809125016.21959
linkedin,com.linkedin.android,native,7,420.55632,69623792,28.84418052256532,338303.3895486936,-33724652408.48102
linkedin,com.linkedin.android,native,8,447.23339999999996,93265228,29.949494949494948,353926.4747474748,-33583995265.142643
linkedin,com.linkedin.android,native,9,419.10912,94662948,18.835051546391753,352829.0489690722,-82941942040192.03
linkedin,com.linkedin.android,native,10,455.07744,25625308,31.27720207253886,306382.9455958549,-32354990430.196934
linkedin,com.linkedin.android,native,11,458.21808,91379728,35.220159151193634,366005.700265252,165244491188203.22
linkedin,com.linkedin.android,native,12,304.43255999999997,91132037,16.179802955665025,350601.83497536945,1464895040561312.5
linkedin,com.linkedin.android,native,13,288.74015999999995,84895562,18.009779951100246,345011.18826405867,-108547992452.82541
linkedin,com.linkedin.android,native,14,431.541,82093826,22.14627659574468,342930.74468085106,-181120825955106.1
linkedin,com.linkedin.android,native,15,431.541,66770644,42.407792207792205,361476.2883116883,12587944.732345102
linkedin,com.linkedin.android,native,16,301.29408,104085873,20.562025316455696,347006.5088607595,-1039525543701450.4
linkedin,com.linkedin.android,native,17,428.49215999999996,92710047,21.46685082872928,341893.31215469615,-95703718985.94308
linkedin,com.linkedin.android,native,18,429.97175999999996,109588750,19.10574412532637,367763.9321148825,7176239.611698718
linkedin,com.linkedin.android,native,19,287.74656,88268423,29.246786632390744,356658.50128534704,-60431974264.90365
linkedin,com.linkedin.android,native,20,289.3104,106080233,19.83857868020305,353974.6269035533,2816543985256232.0
linkedin,com.linkedin.android,native,21,295.56576,25828221,28.019417475728154,278941.9854368932,-1441771407225195.0
linkedin,com.linkedin.android,native,22,292.43808,92358342,28.51127819548872,352359.8395989975,-24256405359434.363
linkedin,com.linkedin.android,native,23,411.28992,12457980,10.36122448979594,360228.6964285714,-31235886726.94663
linkedin,com.linkedin.android,native,24,315.89568,106708902,21.75721153846154,293585.02403846156,-251896448254.14426
linkedin,com.linkedin.android,native,25,426.92832,103706545,12.374025974025946,365873.4,-1803979756831988.8
spotify,com.spotify.music,native,1,300.8232,2198921,20.321926229508193,180983.77663934426,-2730666107261.965
spotify,com.spotify.music,native,2,302.7024,4461735,13.208080808080808,163523.72121212122,-2421933438869.295
spotify,com.spotify.music,native,3,305.7912,0,13.344827586206897,174652.12981744422,129506410.51851852
spotify,com.spotify.music,native,4,305.7912,2214682,18.346938775510203,190735.45918367346,147302261.21686748
spotify,com.spotify.music,native,5,308.88,0,20.830957230142566,155596.87372708757,-7231689694072.723
spotify,com.spotify.music,native,6,310.4244,3341666,18.572008113590265,158468.61460446246,-3088251594940.507
spotify,com.spotify.music,native,7,310.32288000000005,0,19.65050505050505,159118.88686868688,124342144.26415095
spotify,com.spotify.music,native,8,305.7912,4170972,24.298568507157466,156813.89979550103,-6152555626421.789
spotify,com.spotify.music,native,9,305.7912,2566937,25.42798353909465,173636.99588477367,184508606.97368422
spotify,com.spotify.music,native,10,305.7912,1064142,12.395807127882602,194329.27044025157,-7598114871574.604
spotify,com.spotify.music,native,11,366.0228,0,17.176113360323885,156945.97368421053,-6147397317558.429
spotify,com.spotify.music,native,12,304.2468,0,26.146370967741937,154096.23387096773,-5556806128071.167
spotify,com.spotify.music,native,13,305.7912,2142572,14.77979797979798,157716.8101010101,-7344194409908.652
spotify,com.spotify.music,native,14,378.37800000000004,1585218,17.738336713995942,155360.0405679513,141217804.95789474
spotify,com.spotify.music,native,15,335.1348,2112644,15.961460446247465,160259.77890466532,142007142.4814815
spotify,com.spotify.music,native,16,308.88,0,16.92105263157895,155675.05060728744,-3078944997384.156
spotify,com.spotify.music,native,17,325.8684,0,23.718367346938777,161236.42857142858,224613009.01818183
spotify,com.spotify.music,native,18,303.98976,9995619,4.840000000000007,159862.14845360824,-5939733071798.102
spotify,com.spotify.music,native,19,303.98976,0,14.028747433264886,157989.7843942505,13383354.917943941
spotify,com.spotify.music,native,20,304.2468,0,16.53861788617885,160542.67073170733,-6195815006457.579
spotify,com.spotify.music,native,21,364.4784,2208781,31.70061099796334,152928.09572301427,82349801.71612903
spotify,com.spotify.music,native,22,308.7396,0,25.526113360323887,157137.79554655871,-6404319349462.68
spotify,com.spotify.music,native,23,304.2468,1422789,21.30161943319838,155514.7085020243,-6296614937750.541
spotify,com.spotify.music,native,24,307.3356,0,9.040650406504087,160654.88211382114,-7517881229935.156
spotify,com.spotify.music,native,25,305.7912,0,16.71604938271605,181155.74897119342,130096727.42424242
youtube,com.google.android.youtube,native,1,312.27876,34723251,20.07815631262525,229171.6733466934,59869614.755980864
youtube,com.google.android.youtube,native,2,313.84799999999996,34323937,23.68522483940043,232316.28479657386,28310792.840206187
youtube,com.google.android.youtube,native,3,386.03304,2242849,16.248995983935743,230928.60040160644,68040970.94897959
youtube,com.google.android.youtube,native,4,313.84799999999996,2295528,11.405844155844171,283653.3268398268,31628872.35
youtube,com.google.android.youtube,native,5,313.84799999999996,2407802,16.018036072144287,225629.873747495,-47631851.352678575
youtube,com.google.android.youtube,native,6,315.41724000000005,2520866,29.324,228477.988,52450765.28358209
youtube,com.google.android.youtube,native,7,320.12496,35993193,15.689243027888446,228508.3406374502,38440115.71634615
youtube,com.google.android.youtube,native,8,318.55572,4224459,11.441908713692946,253678.39626556018,-4496896.552238806
youtube,com.google.android.youtube,native,9,376.6176,2125846,16.940119760479043,227998.57684630738,25857687.47685185
youtube,com.google.android.youtube,native,10,315.41724000000005,2461517,52.08898305084746,250071.70762711865,62189264.58510638
youtube,com.google.android.youtube,native,11,313.84799999999996,3114165,22.647294589178358,229302.2004008016,50959081.013274334
youtube,com.google.android.youtube,native,12,312.27876,2186102,23.632734530938123,227354.57684630738,37404625.275
youtube,com.google.android.youtube,native,13,316.98648,2205407,13.098790322580646,230467.80443548388,9336677.260465117
youtube,com.google.android.youtube,native,14,316.98648,2615769,21.793240556660038,226585.28827037773,-692205.5240384615
youtube,com.google.android.youtube,native,15,315.41724000000005,2635704,17.719123505976096,228490.0737051793,27348605.05670103
youtube,com.google.android.youtube,native,16,313.84799999999996,3466095,11.592814371257486,228790.59880239522,61904812.22105263
youtube,com.google.android.youtube,native,17,315.41724000000005,2440138,17.615230460921843,227450.21042084167,36110242.91612903
youtube,com.google.android.youtube,native,18,397.01772,2200942,28.759036144578314,228941.67871485944,-64606805.07479675
youtube,com.google.android.youtube,native,19,315.41724000000005,2525706,34.646,227522.272,61517212.53968254
youtube,com.google.android.youtube,native,20,313.84799999999996,3592195,16.89,227701.774,21761467.53368794
youtube,com.google.android.youtube,native,21,315.41724000000005,25200199,19.18562874251497,230021.2994011976,24596140.642487045
youtube,com.google.android.youtube,native,22,313.84799999999996,2461693,30.46414342629482,228003.74302788844,44899706.11219512
youtube,com.google.android.youtube,native,23,312.27876,2586705,22.560878243512974,227657.30538922155,5460678.094276094
youtube,com.google.android.youtube,native,24,313.84799999999996,3882668,22.973947895791582,228224.98196392786,26717294.227272727
youtube,com.google.android.youtube,native,25,406.43315999999993,2201818,10.210441767068279,229587.98995983935,20135460.023923445
soundcloud,com.soundcloud.android,native,1,298.06919999999997,0,15.20675944333996,141563.38170974154,-2689632720144.893
soundcloud,com.soundcloud.android,native,2,297.45576000000005,1431083,13.57029702970297,141329.6495049505,120223080.80681819
soundcloud,com.soundcloud.android,native,3,298.06919999999997,0,12.911507936507924,141029.66468253967,114508352.73417722
soundcloud,com.soundcloud.android,native,4,284.1696,0,22.220907297830376,142284.7771203156,120185462.06578948
soundcloud,com.soundcloud.android,native,5,298.06919999999997,0,14.041257367387033,136860.21021611002,124731453.82894737
soundcloud,com.soundcloud.android,native,6,298.06919999999997,2368311,9.32899408284024,139465.61538461538,139344043.84931508
soundcloud,com.soundcloud.android,native,7,305.24256,0,23.745098039215687,136772.05294117646,131789647.68421052
soundcloud,com.soundcloud.android,native,8,300.57048000000003,0,20.048923679060664,136544.69471624267,122613951.5730337
soundcloud,com.soundcloud.android,native,9,318.14639999999997,0,43.63510848126233,139524.88362919132,105118466.01086956
soundcloud,com.soundcloud.android,native,10,299.01312,2484913,16.232741617357004,139923.10453648915,-38557384343.15197
soundcloud,com.soundcloud.android,native,11,296.52479999999997,638034,16.522,142992.418,-3507701471137.2065
soundcloud,com.soundcloud.android,native,12,299.01312,0,16.699604743083004,141503.15415019763,123954083.27160494
soundcloud,com.soundcloud.android,native,13,298.06919999999997,0,20.102766798418973,141477.32806324112,126313730.9090909
soundcloud,com.soundcloud.android,native,14,294.9804,2168646,21.53061224489796,143025.1612244898,143676506.18309858
soundcloud,com.soundcloud.android,native,15,298.06919999999997,894003,10.047316103379764,140681.53677932406,-6040854501117.5
soundcloud,com.soundcloud.android,native,16,299.61359999999996,0,18.445544554455445,141405.31089108912,-4.456750505625634e+16
soundcloud,com.soundcloud.android,native,17,297.45576000000005,0,8.472669491525405,178118.48516949153,126082909.55
soundcloud,com.soundcloud.android,native,18,296.52479999999997,2176860,18.90891089108911,141123.55841584157,125179598.31944445
soundcloud,com.soundcloud.android,native,19,297.45576000000005,885867,20.5009900990099,141702.90297029703,127019323.7236842
soundcloud,com.soundcloud.android,native,20,298.06919999999997,644141,15.85603112840467,136747.4046692607,-2339349248088.8735
soundcloud,com.soundcloud.android,native,21,296.52479999999997,0,18.490079365079364,141680.12698412698,131139308.91304348
soundcloud,com.soundcloud.android,native,22,296.52479999999997,0,17.608610567514678,137370.16634050882,-3966033809611.091
soundcloud,com.soundcloud.android,native,23,294.9804,2160621,18.390196078431373,136910.97843137255,117261413.84705882
soundcloud,com.soundcloud.android,native,24,299.01312,748313,14.547609561753017,142904.1015936255,-2442350322471.5435
soundcloud,com.soundcloud.android,native,25,298.06919999999997,0,20.07905138339921,141649.76679841898,113740339.36956522
